{"cameraMode":{"drawMode":0,"name":"Shaded","section":"Shading Mode"},"sceneLighting":false,"audioPlay":false,"sceneViewState":{"showFog":true,"showMaterialUpdate":false,"showSkybox":false,"showFlares":true,"showImageEffects":true,"showParticleSystems":true},"in2DMode":false,"pivot":{"x":2.9612066745758058,"y":4.6185078620910648,"z":-0.4759126901626587},"rotation":{"x":0.2331884354352951,"y":-0.46793773770332339,"z":0.13023102283477784,"w":0.8426983952522278},"size":0.45750635862350466,"orthographic":false}